INSTNM,STABBR,CONTROL,SATVRMID,SATMTMID,SATWRMID,ACTCMMID,ACTENMID,ACTMTMID,ACTWRMID,UGDS,PCTFLOAN,MD_EARN_WNE_P10,GRAD_DEBT_MDN_SUPP,RPY_3YR_RT_SUPP,NPT4,RPY_3YR_70
The University of Alabama,AL,public,555,565,540,27,28,25,7,29851,0.401,41900,23750,0.5726116534,20787,0
Auburn University,AL,public,575,588,565,27,28,26,7,20514,0.3494,45700,21831,0.7243539546,18644,1
University of South Alabama,AL,public,510,518,485,23,24,22,7,11267,0.5729,37300,24711,0.4318943059,14327,0
Azusa Pacific University,CA,private,515,515,505,23,23,23,8,5918,0.5172,50000,22500,0.6645435244,29574,0
Chapman University,CA,private,595,605,610,27,28,27,9,6211,0.6461,50100,21000,0.6160405623,35602,0
San Diego Christian College,CA,private,495,480,485,22,21,20,7,940,0.8845,33900,20000,0.5360230548,27734,0
Life Pacific College,CA,private,470,441,461,19,18,18,7,479,0.5927,29000,21500,0.5752895753,19702,0
Loyola Marymount University,CA,private,590,610,598,28,29,27,9,6064,0.4535,54100,22500,0.7897727273,38019,1
Notre Dame de Namur University,CA,private,475,470,465,19,19,20,7,1177,0.6826,51000,26865.5,0.6164596273,25574,0
Occidental College,CA,private,645,655,655,29,31,29,9,2023,0.5304,48500,23231.5,0.8771084337,28787,1
University of San Diego,CA,private,605,620,610,28,29,28,9,5656,0.4204,56900,22750,0.7659732541,30191,1
University of San Francisco,CA,private,565,580,565,26,26,25,9,6745,0.4776,60300,25000,0.7001448576,30154,1
Scripps College,CA,private,695,665,680,31,32,29,9,962,0.3755,47800,13749.5,0.9125,28736,1
Saint Mary's College of California,CA,private,545,555,560,25,25,25,8,2949,0.5099,58400,25750,0.7131715771,32605,1
Southern California Institute of Architecture,CA,private,521,642,549,24,23,26,9,263,0.4471,46500,39500,0.6020408163,46509,0
Thomas Aquinas College,CA,private,665,600,640,28,29,27,9,378,0.735,30200,16500,0.8936170213,20460,1
University of Colorado Colorado Springs,CO,public,540,545,535,24,23,23,8,9310,0.473,40600,21187.5,0.655490934,15151,0
Colorado School of Mines,CO,public,635,680,605,30,29,31,9,4383,0.4544,75700,26849,0.890625,25777,1
University of Denver,CO,private,595,610,565,28,28,27,9,5629,0.3759,51700,23166,0.7303988996,29771,1
Central Connecticut State University,CT,public,505,510,495,22,21,20,9,9600,0.5779,44300,22750,0.6337841421,15643,0
University of Saint Joseph,CT,private,480,485,490,21,19,20,7,930,0.7626,49500,27000,0.6636851521,24792,0
University of Delaware,DE,public,585,605,585,27,27,27,9,18222,0.5156,54900,24195,0.794490599,16178,1
American University,DC,private,635,610,625,28,29,27,9,7094,0.5213,55900,24589,0.8010152284,36074,1
George Washington University,DC,private,640,655,655,29,31,29,9,10433,0.4003,65400,25350,0.8317165753,30057,1
Florida Agricultural and Mechanical University,FL,public,477,465,464,20,19,20,7,7995,0.6897,35400,27750,0.3064448189,12327,0
Florida Atlantic University,FL,public,525,525,515,23,23,22,8,24228,0.3986,40700,16836,0.5446190335,13372,0
Florida College,FL,private,530,525,504,23,22,21,7,555,0.6362,38200,13000,0.7346278317,20640,1
Florida International University,FL,public,545,535,535,24,23,24,8,39102,0.4628,43700,17250,0.5497295048,11845,0
University of Florida,FL,public,625,640,625,29,29,28,9,31879,0.3184,51100,15000,0.6568790677,11778,0
University of Miami,FL,private,645,675,640,30,31,30,9,10828,0.2944,54500,21500,0.7546145494,32297,1
University of North Florida,FL,public,585,570,550,24,24,23,8,13884,0.4,41100,17402,0.5759075908,11870,0
University of South Florida-Main Campus,FL,public,575,585,555,26,26,25,8,30279,0.4781,41000,19500,0.5623737766,10027,0
The University of Tampa,FL,private,535,540,530,25,24,24,8,6811,0.6224,43900,26000,0.669828365,26863,0
Trinity Baptist College,FL,private,454,458,437,19,17,19,8,352,0.8054,28100,16343,0.5,11703,0
The University of West Florida,FL,public,520,505,495,24,23,22,7,9794,0.4655,35800,18750,0.5321657124,11227,0
Columbus State University,GA,public,495,485,480,21,21,20,8,6715,0.5948,35000,25039,0.3654202147,11129,0
Covenant College,GA,private,600,565,590,26,28,25,7,1066,0.5471,39600,21441,0.7779632721,21715,1
Emory University,GA,private,670,700,690,31,30,31,9,7730,0.3683,59400,19000,0.8076664425,28901,1
Georgia Institute of Technology-Main Campus,GA,public,675,725,680,32,32,32,9,13996,0.3372,74500,24250,0.8474576271,10994,1
Georgia Southern University,GA,public,555,550,525,24,23,23,7,17232,0.6236,39500,22500,0.5160510873,16552,0
University of Georgia,GA,public,615,620,615,28,29,27,8,26738,0.4011,47300,19000,0.6624867538,12208,0
Savannah College of Art and Design,GA,private,545,520,520,24,25,22,8,8846,0.5142,35100,27000,0.5653666147,37132,0
Shorter University,GA,private,480,473,455,20,20,20,7,1449,0.671,43600,29000,0.3836317136,19316,0
University of Hawaii at Manoa,HI,public,530,555,520,23,23,23,8,13667,0.3746,43000,19000,0.7017687075,11415,1
Boise Bible College,ID,private,520,480,495,21,21,20,7,172,0.6576,25500,19596,0.6055045872,19878,0
Boise State University,ID,public,510,515,495,23,23,23,8,16206,0.4669,35600,23500,0.5227365834,15897,0
Bradley University,IL,private,550,585,530,26,26,26,8,4585,0.6966,51400,27000,0.7672955975,26096,1
Greenville College,IL,private,489,495,465,23,23,22,7,1055,0.7626,36200,21500,0.6515930113,19268,0
University of Illinois at Urbana-Champaign,IL,public,640,745,645,29,30,30,9,31875,0.3893,56600,20500,0.7778202677,18375,1
Loyola University Chicago,IL,private,575,580,570,27,28,26,9,10042,0.6092,50700,25000,0.7610993658,29899,1
Millikin University,IL,private,500,500,470,23,23,22,8,2082,0.7603,42000,27000,0.6695721078,18388,0
Northern Illinois University,IL,public,500,530,490,22,22,22,7,15391,0.6685,43800,23347,0.6404019641,18899,0
University of Illinois at Springfield,IL,public,455,545,465,24,23,22,7,2969,0.5406,42600,19500,0.6062992126,9544,0
Wheaton College,IL,private,655,645,650,30,31,29,9,2402,0.4926,42500,22500,0.912979351,23900,1
Butler University,IN,private,580,590,565,27,28,27,9,4013,0.5742,55000,27000,0.8406951484,30814,1
Franklin College,IN,private,505,515,490,23,22,23,7,1022,0.7722,40800,27000,0.7731397459,21553,1
Indiana University-Purdue University-Indianapolis,IN,public,495,505,480,22,22,22,7,21777,0.5126,40200,24147.5,0.5322338831,13007,0
Indiana State University,IN,public,460,455,435,19,19,20,7,10497,0.6253,36000,23713,0.5204469805,11920,0
Indiana University-Kokomo,IN,public,465,470,445,20,18,20,7,2724,0.3552,34100,19052,0.4728915663,9989,0
Indiana University-South Bend,IN,public,470,470,450,20,20,20,7,5398,0.3827,33400,25537,0.4703896901,10377,0
Indiana University-Bloomington,IN,public,575,600,565,27,28,27,8,32252,0.3183,44700,23000,0.7353123707,14370,1
Indiana University-Northwest,IN,public,450,455,440,20,19,20,7,4370,0.3804,36200,27000,0.3218390805,8951,0
Indiana University-Southeast,IN,public,480,470,460,21,20,20,7,5476,0.3936,34000,22500,0.4752143123,10970,0
Indiana University-East,IN,public,460,470,440,21,19,20,7,3200,0.3786,30000,21172,0.3881278539,9015,0
Indiana Wesleyan University-Marion,IN,private,530,525,510,24,25,23,8,10218,0.7019,46300,24160,0.5477806789,24965,0
Purdue University-North Central Campus,IN,public,480,475,450,21,19,21,7,3231,0.3515,36000,25000,0.4572697003,10104,0
Saint Elizabeth School of Nursing,IN,private,470,480,450,20,19,19,7,281,0.8996,48200,31250,0.619047619,26213,0
Taylor University,IN,private,560,565,550,27,28,26,8,1855,0.4497,36500,24500,0.8244170096,24663,1
Wabash College,IN,private,550,580,525,25,25,26,7,923,0.6703,52600,25000,0.756097561,24206,1
Grand View University,IA,private,450,485,400,21,20,21,7,1977,0.813,40200,23848.5,0.6228847703,18266,0
Wartburg College,IA,private,490,555,505,24,24,24,8,1614,0.6844,43000,27000,0.831228473,21827,1
Emporia State University,KS,public,448,508,396,22,21,22,7,3777,0.6347,35700,20848,0.5930630191,13970,0
Sterling College,KS,private,465,465,470,21,21,21,7,701,0.7377,30000,25500,0.6175771971,16124,0
Alice Lloyd College,KY,private,455,485,430,22,22,20,7,657,0.6815,33500,16495,0.4439252336,11724,0
Eastern Kentucky University,KY,public,490,490,460,22,22,21,7,13323,0.5829,34100,23500,0.5033457249,10686,0
University of Kentucky,KY,public,555,575,545,25,26,25,8,21725,0.4426,41900,21500,0.6144253455,14785,0
Husson University,ME,private,475,480,470,19,19,20,7,2292,0.7447,36900,26250,0.5873015873,16414,0
Bowie State University,MD,public,445,430,425,17,16,16,7,4401,0.6615,46800,22927,0.2736792004,13231,0
Frostburg State University,MD,public,490,485,470,20,19,20,7,4765,0.5983,43500,22250,0.6147498711,17755,0
Johns Hopkins University,MD,private,705,730,715,33,33,33,9,6039,0.3865,65900,16250,0.8138261465,29911,1
University of Maryland Eastern Shore,MD,public,430,415,415,17,17,17,7,3441,0.5514,36700,27000,0.2392444911,14249,0
Towson University,MD,public,540,545,535,23,23,23,8,18546,0.4708,49200,18500,0.6851186197,16363,0
Bay Path University,MA,private,482,470,475,20,19,20,10,1574,0.9115,41100,22878.5,0.5509355509,18951,0
Boston College,MA,private,675,690,685,32,32,31,9,9483,0.3903,66700,19000,0.9115401886,33464,1
Boston University,MA,private,625,675,645,29,30,29,9,16457,0.3981,59500,27000,0.824144064,34592,1
Brandeis University,MA,private,650,715,675,31,32,31,9,3715,0.5061,56800,27000,0.8040865385,28004,1
Eastern Nazarene College,MA,private,465,460,440,19,18,20,7,1054,0.4989,44900,24362,0.6082289803,14966,0
Emerson College,MA,private,630,605,625,28,28,26,9,3757,0.5741,44900,24000,0.8023862789,37313,1
Gordon College,MA,private,580,575,575,26,27,26,8,1703,0.693,39700,27000,0.8532526475,27869,1
Harvard University,MA,private,750,755,760,34,34,34,9,7236,0.0404,95500,6500,0.6598639456,14068,0
Lesley University,MA,private,560,525,545,24,24,23,8,1727,0.6366,35100,25000,0.6281779661,32123,0
MCPHS University,MA,private,520,560,530,23,23,25,8,3944,0.7075,113400,27000,0.8571428571,34271,1
Massachusetts Institute of Technology,MA,private,725,770,735,34,34,35,9,4476,0.1939,89200,14990,0.912195122,23547,1
Wellesley College,MA,private,695,690,710,32,33,31,9,2172,0.3246,56500,9000,0.8743718593,21973,1
Alma College,MI,private,519,504,504,24,23,24,8,1362,0.907,43200,27000,0.7263843648,21824,1
Andrews University,MI,private,540,535,520,24,22,25,7,1629,0.4891,34800,27750,0.5066666667,21789,0
Grand Valley State University,MI,public,520,553,525,24,24,23,8,21561,0.6323,39400,25500,0.6272864966,16815,0
Kalamazoo College,MI,private,604,620,600,28,28,27,11,1431,0.5096,51700,25936,0.811550152,23070,1
Madonna University,MI,private,510,515,465,23,23,21,8,2841,0.5024,37000,25000,0.495308311,14440,0
University of Michigan-Ann Arbor,MI,public,670,710,670,31,32,30,9,28217,0.342,57400,20495.5,0.7586570575,15787,1
Michigan State University,MI,public,505,615,515,26,26,26,9,38395,0.4632,49900,25458,0.704414083,16382,1
Concordia College at Moorhead,MN,private,617,640,627,26,26,26,7,2296,0.6705,41300,27000,0.8518211921,21953,1
Macalester College,MN,private,685,683,680,30,32,30,9,2053,0.4581,46500,23747,0.8884381339,25954,1
University of Minnesota-Twin Cities,MN,public,625,685,625,28,28,28,9,30135,0.4344,48300,20500,0.740544362,16954,1
University of Minnesota-Crookston,MN,public,455,490,430,22,20,22,7,1876,0.3741,39100,19500,0.6573705179,13216,0
University of Minnesota-Duluth,MN,public,545,575,520,24,23,25,8,9120,0.5838,44000,25190,0.7580915848,17315,1
University of Minnesota-Morris,MN,public,605,580,535,25,25,25,7,1803,0.4985,38900,19157,0.7258805513,14326,1
Oak Hills Christian College,MN,private,500,390,440,21,20,21,9,124,0.6176,23600,19125,0.6736842105,16004,0
College of Saint Benedict,MN,private,573,548,560,26,26,26,8,2020,0.6524,47200,26000,0.9184441656,23679,1
Saint Johns University,MN,private,548,543,525,26,24,26,7,1789,0.6205,56100,27000,0.8796992481,22450,1
Evangel University,MO,private,505,500,495,23,23,22,7,1788,0.9355,34700,22062,0.6773888363,21336,0
Lindenwood University,MO,private,485,495,470,23,22,22,7,7986,0.6221,39700,27000,0.5253456221,21985,0
Washington University in St Louis,MO,private,735,760,735,33,34,33,9,6913,0.2184,62800,20500,0.8701413428,31281,1
Carroll College,MT,private,565,555,545,25,25,24,8,1410,0.5759,45500,27000,0.84375,24020,1
Montana Tech of the University of Montana,MT,public,540,585,505,25,23,26,7,1868,0.4713,40600,20667,0.5849372385,11826,0
The University of Montana,MT,public,545,540,525,23,23,23,7,10969,0.5327,34300,23431,0.5892744479,12863,0
Montana State University-Northern,MT,public,455,500,443,19,17,20,7,1125,0.5944,33400,15873,0.6574307305,13636,0
Rocky Mountain College,MT,private,495,495,548,23,22,23,7,903,0.7996,38900,25626,0.7028199566,17905,1
Creighton University,NE,private,575,608,580,27,28,27,9,3977,0.683,57100,23250,0.7737642586,27854,1
Doane University-Arts & Sciences,NE,private,485,490,470,23,23,22,9,1064,0.8383,42900,22158.5,0.6693363844,21869,0
University of Nevada-Reno,NV,public,535,540,515,24,23,23,8,16330,0.4033,45000,18733,0.6643650555,14579,0
Rivier University,NH,private,480,485,475,20,18,18,5,1433,0.6757,41700,25500,0.7183673469,28521,1
Princeton University,NJ,private,745,755,750,33,34,33,9,5258,0.0488,77900,7500,0.8198757764,7103,1
New Mexico State University-Main Campus,NM,public,468,490,465,21,20,21,7,12171,0.4002,32800,18340,0.4314475312,9531,0
Adelphi University,NY,private,550,565,560,22,24,24,9,5036,0.5982,51300,25000,0.7029478458,33400,1
Columbia University in the City of New York,NY,private,735,745,740,33,34,32,9,8100,0.2561,75200,23000,0.7725366876,22298,1
Fordham University,NY,private,620,630,630,28,30,27,9,8485,0.5274,56200,25000,0.7703877005,33972,1
LIU Post,NY,private,470,475,460,21,23,21,7,3774,0.2876,44600,25499,0.50785645,28372,0
Pratt Institute-Main,NY,private,560,570,565,26,14,13,7,3232,0.4774,40900,26691,0.7397034596,39957,1
St Bonaventure University,NY,private,525,525,507,24,24,23,8,1735,0.6977,44100,27000,0.7228786251,22617,1
Skidmore College,NY,private,615,625,622,28,29,27,9,2612,0.3167,43000,19500,0.8788990826,27173,1
Stony Brook University,NY,public,590,660,595,28,28,29,9,16170,0.4496,55000,19351,0.728687917,13519,1
State University of New York at New Paltz,NY,public,555,560,552,25,25,25,8,6464,0.5239,43600,19500,0.7021008403,16353,1
Syracuse University,NY,private,570,605,580,27,26,27,9,14768,0.5506,56600,27000,0.8091759872,29658,1
Vassar College,NY,private,710,695,705,32,33,30,9,2389,0.3714,49300,16725,0.9114173228,21002,1
Appalachian State University,NC,public,575,575,550,25,26,25,7,16116,0.4698,36400,20000,0.7422360248,14165,1
Duke University,NC,private,715,745,735,33,33,34,9,6480,0.313,76700,7500,0.9007506255,25369,1
East Carolina University,NC,public,510,530,490,22,22,22,7,21207,0.5681,39000,24360,0.6321559074,14981,0
Fayetteville State University,NC,public,435,450,405,19,18,19,7,4862,0.6723,30500,21278,0.2539048311,6794,0
Greensboro College,NC,private,435,445,410,18,17,18,7,741,0.732,34900,26000,0.5309597523,21547,0
Methodist University,NC,private,470,475,445,21,19,21,7,2171,0.5818,38800,27000,0.4973730298,22483,0
University of North Carolina at Chapel Hill,NC,public,650,670,645,30,31,30,9,17908,0.3198,51000,16149,0.8194902549,13243,1
University of North Carolina at Charlotte,NC,public,530,555,520,23,22,24,7,22120,0.5881,41500,23187,0.6318467926,12479,0
University of North Carolina at Greensboro,NC,public,515,515,485,23,23,22,7,14497,0.576,36000,22864,0.5750934421,12186,0
North Carolina State University at Raleigh,NC,public,605,640,585,28,28,28,8,22925,0.4176,47600,20500,0.7625666721,14811,1
University of North Carolina Wilmington,NC,public,590,600,570,24,25,24,8,12686,0.5178,39400,20584,0.6196646341,15604,0
Dickinson State University,ND,public,460,425,453,21,19,21,7,1231,0.4479,38800,19500,0.7665505226,10703,1
Case Western Reserve University,OH,private,660,710,660,31,32,32,9,4807,0.5419,68600,24250,0.8299373041,26647,1
University of Cincinnati-Main Campus,OH,public,570,595,550,26,25,26,8,23795,0.5409,38900,23100,0.5656231628,22054,0
Cleveland State University,OH,public,515,520,495,22,21,21,7,11308,0.6196,38600,22656,0.4679549114,16558,0
Columbus College of Art and Design,OH,private,555,535,520,22,23,21,7,1193,0.6803,31700,27000,0.6165951359,31901,0
Kent State University at Kent,OH,public,525,525,510,23,22,23,7,22530,0.6208,36000,25997,0.4580105186,18703,0
Kenyon College,OH,private,675,650,670,30,31,28,9,1651,0.2985,44700,19000,0.8841059603,29203,1
Muskingum University,OH,private,490,510,480,22,21,22,7,1598,0.7789,38100,27000,0.6802721088,18589,0
Ohio State University-Main Campus,OH,public,600,675,610,29,29,29,9,43733,0.4401,42900,21959.5,0.6275016494,18068,0
Ohio University-Main Campus,OH,public,545,545,525,24,24,23,8,23390,0.5722,39600,21250,0.5127525433,20351,0
University of Toledo,OH,public,508,535,485,22,22,22,7,15182,0.5686,40000,24000,0.4563459146,14749,0
Ursuline College,OH,private,510,520,485,22,21,21,7,694,0.8472,42300,28000,0.5614814815,15098,0
The College of Wooster,OH,private,595,615,595,28,28,27,8,2029,0.4943,46400,26000,0.7715827338,23904,1
Oklahoma Christian University,OK,private,540,540,525,25,24,25,7,1938,0.5321,36900,24500,0.7152917505,18707,1
Oklahoma City University,OK,private,585,580,560,26,27,25,8,1793,0.4666,40100,23835,0.6634146341,31694,0
Eastern Oregon University,OR,public,470,465,450,21,19,20,7,2997,0.5482,37200,22466,0.4941804074,15551,0
George Fox University,OR,private,540,545,525,23,24,23,8,2494,0.6464,41700,22000,0.7317307692,24600,1
Oregon State University,OR,public,545,560,525,25,24,25,8,22925,0.5067,46000,23000,0.6611401978,18202,0
University of Oregon,OR,public,550,560,545,25,25,24,8,20252,0.393,41700,21500,0.6092891331,15487,0
Western Oregon University,OR,public,515,500,490,21,20,20,8,4923,0.6276,38700,24500,0.5329883571,16759,0
Bryn Mawr College,PA,private,655,665,675,29,31,28,9,1303,0.3983,53600,25000,0.8315789474,27518,1
Bucknell University,PA,private,635,670,655,30,31,30,10,3528,0.3938,69100,27000,0.9083526682,32487,1
Delaware Valley University,PA,private,490,500,470,21,20,21,7,1823,0.694,39500,26551,0.7656395892,26975,1
Haverford College,PA,private,710,700,705,33,33,31,9,1187,0.2266,56600,14000,0.8921568627,22112,1
Holy Family University,PA,private,465,460,449,20,19,20,10,1797,0.6705,48500,27000,0.6660533579,14959,0
La Roche College,PA,private,450,475,470,20,19,20,7,1269,0.741,40700,25000,0.6690042076,21609,0
Lafayette College,PA,private,630,670,635,29,30,29,9,2471,0.3717,68800,25185,0.8923357664,30759,1
Pennsylvania State University-Penn State Erie-Behrend College,PA,public,510,545,485,23,22,23,7,3891,0.6921,47700,27000,0.7054350978,22431,1
Pennsylvania State University-Penn State New Kensington,PA,public,485,490,450,20,17,18,7,627,0.6691,47700,27000,0.7054350978,13332,1
Pennsylvania State University-Penn State Shenango,PA,public,435,430,410,20,19,20,7,468,0.7201,47700,27000,0.7054350978,14885,1
Pennsylvania State University-Penn State Wilkes-Barre,PA,public,475,490,460,19,17,21,7,493,0.6287,47700,27000,0.7054350978,14482,1
Pennsylvania State University-Penn State Worthington Scranton,PA,public,475,485,455,20,20,19,7,1073,0.7207,47700,27000,0.7054350978,13297,1
Pennsylvania State University-Penn State Lehigh Valley,PA,public,493,510,480,22,21,22,7,775,0.5951,47700,27000,0.7054350978,13730,1
Pennsylvania State University-Penn State Altoona,PA,public,495,505,480,22,22,22,8,3829,0.6879,47700,27000,0.7054350978,22193,1
Pennsylvania State University-Penn State Beaver,PA,public,475,485,450,19,17,21,7,665,0.6743,47700,27000,0.7054350978,16357,1
Pennsylvania State University-Penn State Berks,PA,public,475,495,460,22,21,21,7,2699,0.6726,47700,27000,0.7054350978,22159,1
Pennsylvania State University-Penn State Harrisburg,PA,public,490,530,485,23,23,25,7,3595,0.6176,47700,27000,0.7054350978,20444,1
Pennsylvania State University-Penn State Brandywine,PA,public,470,495,463,22,21,22,7,1334,0.5999,47700,27000,0.7054350978,13608,1
Pennsylvania State University-Penn State DuBois,PA,public,455,470,443,20,18,19,9,490,0.6989,47700,27000,0.7054350978,14532,1
Pennsylvania State University-Penn State Fayette- Eberly,PA,public,455,455,425,21,18,22,7,666,0.6608,47700,27000,0.7054350978,13164,1
Pennsylvania State University-Penn State Hazleton,PA,public,470,475,455,21,19,21,7,803,0.7413,47700,27000,0.7054350978,19332,1
Pennsylvania State University-Main Campus,PA,public,575,615,590,27,27,28,9,39958,0.5021,47700,27000,0.7054350978,28201,1
Pennsylvania State University-Penn State Greater Allegheny,PA,public,475,490,455,21,22,21,8,554,0.6677,47700,27000,0.7054350978,15757,1
Pennsylvania State University-Penn State Mont Alto,PA,public,470,475,445,22,21,22,7,837,0.6703,47700,27000,0.7054350978,19975,1
Pennsylvania State University-Penn State Abington,PA,public,460,490,460,21,21,22,7,3505,0.5883,47700,27000,0.7054350978,11843,1
Pennsylvania State University-Penn State Schuylkill,PA,public,450,450,440,19,17,19,8,755,0.7324,47700,27000,0.7054350978,15403,1
Pennsylvania State University-Penn State York,PA,public,495,525,475,22,20,22,7,948,0.5416,47700,27000,0.7054350978,13391,1
University of Pennsylvania,PA,private,720,735,735,33,34,32,9,10678,0.2226,79700,21500,0.8651633686,24370,1
University of Pittsburgh-Bradford,PA,public,480,500,450,22,22,23,7,1466,0.7927,48800,26813.5,0.7562221397,16811,1
University of Pittsburgh-Greensburg,PA,public,505,510,490,21,21,22,8,1578,0.7072,48800,26813.5,0.7562221397,16954,1
University of Pittsburgh-Johnstown,PA,public,500,515,480,22,23,22,7,2864,0.7419,48800,26813.5,0.7562221397,19420,1
University of Pittsburgh-Pittsburgh Campus,PA,public,625,645,620,29,30,29,9,18474,0.5447,48800,26813.5,0.7562221397,28000,1
University of Pittsburgh-Titusville,PA,public,445,440,425,18,16,18,7,367,0.842,48800,26813.5,0.7562221397,17217,1
Swarthmore College,PA,private,725,725,723,32,33,32,9,1530,0.2445,48500,18100,0.877394636,22937,1
Temple University,PA,public,555,565,545,25,25,25,8,27669,0.6599,47200,25999.5,0.6847860289,19918,0
Rhode Island College,RI,public,460,460,455,19,18,18,7,7271,0.575,39100,21500,0.59936407,9509,0
Lander University,SC,public,465,475,445,20,20,20,7,2670,0.6708,33600,27000,0.4730496454,13203,0
North Greenville University,SC,private,550,565,550,26,25,25,8,2183,0.456,29600,21500,0.6078199052,21132,0
Spartanburg Methodist College,SC,private,430,440,415,18,17,19,7,790,0.6614,28400,12000,0.4489465154,13210,0
Wofford College,SC,private,580,585,570,27,26,26,8,1654,0.3957,49700,25000,0.7915407855,22563,1
Bryan College-Dayton,TN,private,525,515,515,23,24,22,8,1124,0.52,34300,18625,0.7183098592,15239,1
Cumberland University,TN,private,475,500,450,23,22,21,6,1167,0.6438,38200,21875,0.5733788396,18316,0
University of Memphis,TN,public,510,505,500,22,23,21,7,16093,0.6173,35700,25250,0.3530763339,12661,0
Vanderbilt University,TN,private,745,760,725,33,34,33,9,6818,0.1356,60700,13000,0.8433395872,17135,1
Abilene Christian University,TX,private,530,545,565,24,24,24,7,3572,0.5527,40200,25985,0.6850961538,22705,0
Baylor University,TX,private,610,620,585,27,28,27,8,13801,0.452,48200,25131,0.7305615551,32741,1
Texas A & M University-Corpus Christi,TX,public,480,490,460,21,19,21,7,9074,0.5399,41200,23000,0.5382817066,14165,0
University of Dallas,TX,private,615,585,580,27,28,26,8,1324,0.5051,44800,23250,0.7419354839,25093,1
Texas A & M University-Texarkana,TX,public,430,420,440,19,18,19,6,1386,0.4604,34400,12500,0.5173745174,6637,0
Houston Baptist University,TX,private,525,530,500,23,22,22,7,2279,0.5749,44000,25000,0.4802831143,20075,0
Midwestern State University,TX,public,495,505,465,21,21,21,7,5142,0.518,38900,22500,0.5873015873,10823,0
The University of Texas Rio Grande Valley,TX,public,470,490,460,20,19,20,7,17811,0.3816,39600,12036.5,0.5032333921,2840,0
Paul Quinn College,TX,private,537,572,527,22,23,22,7,272,0.7819,27100,38125,0.1794871795,12655,0
Prairie View A & M University,TX,public,415,435,405,18,16,18,6,6905,0.7812,34100,28554,0.2737161649,9583,0
Rice University,TX,private,720,750,720,33,34,33,9,3888,0.1682,64500,9641.5,0.862745098,16466,1
University of St Thomas,TX,private,545,560,530,25,25,24,8,1563,0.4218,47800,23823,0.6168717047,19131,0
Schreiner University,TX,private,485,505,460,22,20,22,7,1001,0.8291,36400,25000,0.6010016694,20218,0
Southern Methodist University,TX,private,645,665,648,30,31,29,9,6340,0.3127,54600,22500,0.759415834,32128,1
Texas State University,TX,public,510,515,485,23,22,23,7,32177,0.5268,43400,21358.5,0.558738722,13363,0
Tarleton State University,TX,public,470,485,450,21,19,21,7,10214,0.5521,40600,20500,0.5733167082,15210,0
Texas A & M University-College Station,TX,public,580,615,550,27,27,27,8,46941,0.332,53900,19000,0.8084356755,11315,1
The University of Texas at Arlington,TX,public,494,550,495,23,22,23,7,29616,0.5824,45900,18750,0.5545582048,13790,0
The University of Texas at Austin,TX,public,630,660,625,29,30,30,9,38914,0.3818,53000,22159.5,0.7692233571,17152,1
The University of Texas at Tyler,TX,public,515,537,500,23,23,23,7,5550,0.4344,42200,18345,0.5906068163,13016,0
The University of Texas at San Antonio,TX,public,505,535,485,22,21,22,12,23815,0.5219,43100,23348,0.5478207704,11867,0
Texas Southern University,TX,public,400,415,390,17,15,17,10,6880,0.7206,30500,31000,0.1965829146,18023,0
Texas Tech University,TX,public,540,560,515,25,24,25,7,28278,0.481,47500,22500,0.6677000119,15315,0
Texas Woman's University,TX,public,470,485,465,20,19,21,7,9327,0.5573,44600,20000,0.5389250422,8855,0
Southern Utah University,UT,public,515,510,495,23,23,22,7,5514,0.3447,38100,13237,0.672889266,12951,0
University of Utah,UT,public,570,585,550,25,25,24,8,22804,0.3394,49500,15000,0.7122291256,13874,1
University of Vermont,VT,public,590,595,590,27,27,27,9,9958,0.4617,43900,21614.5,0.84621802,15838,1
College of William and Mary,VA,public,685,685,670,31,32,30,8,6256,0.2887,55000,19500,0.8521008403,17194,1
Hampton University,VA,private,505,500,350,21,23,21,5,3456,0.7469,41200,27000,0.4264633546,26326,0
Roanoke College,VA,private,550,545,535,23,24,22,7,1986,0.6994,44000,27000,0.7675276753,27088,1
Southern Virginia University,VA,private,519,517,485,23,23,21,9,703,0.6112,31300,24185,0.5942028986,19985,0
University of Virginia-Main Campus,VA,public,670,685,670,31,32,31,9,15515,0.2506,60100,19633,0.8512861736,17863,1
Central Washington University,WA,public,485,490,460,21,20,21,8,9751,0.5459,44500,21500,0.6199199832,14182,0
Eastern Washington University,WA,public,475,485,455,20,19,21,7,12402,0.5201,41000,20800,0.6293797606,12619,0
The Evergreen State College,WA,public,545,495,510,23,24,21,7,3802,0.5332,32800,17264,0.587124879,12971,0
Seattle University,WA,private,585,585,580,27,25,24,9,4415,0.5347,55800,25000,0.7293447293,32996,1
Walla Walla University,WA,private,540,540,505,23,23,22,7,1639,0.5907,45500,27000,0.6600985222,23107,0
Washington State University,WA,public,510,520,495,22,22,22,7,23585,0.487,47500,20500,0.7334455668,16864,1
University of Washington-Seattle Campus,WA,public,590,640,580,28,28,29,9,29468,0.3214,53700,15797,0.75714431,13566,1
Alderson Broaddus University,WV,private,475,485,460,22,20,21,6,1024,0.8945,46000,27000,0.6692708333,17311,0
Concord University,WV,public,475,485,455,22,22,20,7,2234,0.7187,32100,21200,0.5290697674,7478,0
Carroll University,WI,private,527,542,485,24,23,24,8,2934,0.7137,41300,27000,0.75238795,22858,1
Lakeland College,WI,private,440,452,448,20,19,20,7,2232,0.645,40200,26915,0.5836012862,20575,0
Marquette University,WI,private,590,605,570,27,27,27,9,8212,0.4881,56000,27000,0.7946933449,30452,1
Ripon College,WI,private,565,575,565,24,24,24,7,820,0.656,42000,27000,0.7938388626,18325,1
University of Wisconsin-Whitewater,WI,public,495,480,485,23,22,22,7,10533,0.6329,41400,25000,0.6852996506,13815,0
University of Wisconsin-Madison,WI,public,610,680,635,29,29,29,9,29302,0.3617,51600,22805,0.8435530967,18397,1
University of the Virgin Islands,VI,public,400,390,405,18,18,17,7,1971,0.3224,31800,15150,0.3928571429,11672,0
University of Washington-Bothell Campus,WA,public,490,525,485,21,19,22,7,4378,0.3989,53700,15797,0.75714431,11505,1
University of Washington-Tacoma Campus,WA,public,485,495,460,21,20,21,7,3788,0.503,53700,15797,0.75714431,10087,1
Watkins College of Art Design & Film,TN,private,435,410,453,22,22,22,8,288,0.5785,28300,29125,0.5108695652,28764,0
Florida Gulf Coast University,FL,public,530,520,525,23,23,23,8,13253,0.4578,41400,18750,0.5800473186,13624,0
University of South Florida-St Petersburg,FL,public,590,570,565,26,26,25,8,3829,0.4631,41000,19500,0.5623737766,11595,0
University of South Florida-Sarasota-Manatee,FL,public,570,550,540,24,24,24,7,1690,0.4603,41000,19500,0.5623737766,6175,0
University of Minnesota-Rochester,MN,public,535,670,595,24,23,25,8,479,0.6687,48300,20500,0.740544362,18769,1
Pennsylvania State University-World Campus,PA,public,510,505,490,25,23,21,7,5736,0.5641,47700,27000,0.7054350978,22264,1
